{
	"defaultACLAccess":	{
		"publishClientSend":	false,
		"publishClientReceive":	true,
		"subscribe":	false,
		"unsubscribe":	true
	},
	"clients":	[{
			"username":	"admin",
			"textname":	"Admin user",
			"password":	"RHa45bHTSjkoD3I5WFq41TaH8FUDjs2pedOWwDHkrQ/R3LjK83PT19nOMCyqhXt4wopJJpKj+AgfFlhn3+4qIw==",
			"salt":	"GG1mulk4P7dAijbBeSlJ/soH3SDvmMCJBfwebkN47KPbZSP4H3mUzzB7+P2Mg3GYNUQuoX0JV7VBKWqJeRNbUQ==",
			"iterations":	10000,
			"roles":	[{
					"rolename":	"super-admin"
				}, {
					"rolename":	"sys-observe"
				}, {
					"rolename":	"topic-observe"
				}]
		}, {
			"username":	"democlient",
			"textname":	"Demonstration client with full read/write access to the '#' topic hierarchy.",
			"password":	"IX+R6H2x+XET3LcEBN4ffrRS+HRHLRi/g+Bl8ebtXpGapv36MQ6MJXK2ZasNtby4h8Em1j85RoIzIknsQlO7zg==",
			"salt":	"lhA1DmpqXWqviG0Pj9bzvAf9ZF35jOFmVm5Jy8UjsXK+5iXPSZr+mE1QM1D4qxKOI1k7MkiTjPw1kIR9ObKQfg==",
			"iterations":	10000,
			"roles":	[{
					"rolename":	"client"
				}]
		}],
	"groups":	[{
			"groupname":	"unauthenticated",
			"textname":	"Unauthenticated group",
			"textdescription":	"If unauthenticated access is allowed, this group can be used to define roles for clients that connect without a password.",
			"roles":	[]
		}],
	"roles":	[{
			"rolename":	"client",
			"textdescription":	"Read/write access to the full application topic hierarchy.",
			"acls":	[{
					"acltype":	"publishClientSend",
					"topic":	"#",
					"priority":	0,
					"allow":	true
				}, {
					"acltype":	"publishClientReceive",
					"topic":	"#",
					"priority":	0,
					"allow":	true
				}, {
					"acltype":	"subscribePattern",
					"topic":	"#",
					"priority":	0,
					"allow":	true
				}, {
					"acltype":	"unsubscribePattern",
					"topic":	"#",
					"priority":	0,
					"allow":	true
				}]
		}, {
			"rolename":	"broker-admin",
			"textdescription":	"Grants access to administer general broker configuration.",
			"acls":	[{
					"acltype":	"publishClientSend",
					"topic":	"$CONTROL/broker/#",
					"priority":	0,
					"allow":	true
				}, {
					"acltype":	"publishClientReceive",
					"topic":	"$CONTROL/broker/#",
					"priority":	0,
					"allow":	true
				}, {
					"acltype":	"subscribePattern",
					"topic":	"$CONTROL/broker/#",
					"priority":	0,
					"allow":	true
				}, {
					"acltype":	"unsubscribePattern",
					"topic":	"$CONTROL/broker/#",
					"priority":	0,
					"allow":	true
				}]
		}, {
			"rolename":	"dynsec-admin",
			"textdescription":	"Grants access to administer clients/groups/roles.",
			"acls":	[{
					"acltype":	"publishClientSend",
					"topic":	"$CONTROL/dynamic-security/#",
					"priority":	0,
					"allow":	true
				}, {
					"acltype":	"publishClientReceive",
					"topic":	"$CONTROL/dynamic-security/#",
					"priority":	0,
					"allow":	true
				}, {
					"acltype":	"subscribePattern",
					"topic":	"$CONTROL/dynamic-security/#",
					"priority":	0,
					"allow":	true
				}, {
					"acltype":	"unsubscribePattern",
					"topic":	"$CONTROL/dynamic-security/#",
					"priority":	0,
					"allow":	true
				}]
		}, {
			"rolename":	"super-admin",
			"textdescription":	"Grants access to administer all kind of broker controls",
			"acls":	[{
					"acltype":	"publishClientSend",
					"topic":	"$CONTROL/#",
					"priority":	0,
					"allow":	true
				}, {
					"acltype":	"publishClientReceive",
					"topic":	"$CONTROL/#",
					"priority":	0,
					"allow":	true
				}, {
					"acltype":	"subscribePattern",
					"topic":	"$CONTROL/#",
					"priority":	0,
					"allow":	true
				}, {
					"acltype":	"unsubscribePattern",
					"topic":	"$CONTROL/#",
					"priority":	0,
					"allow":	true
				}]
		}, {
			"rolename":	"sys-notify",
			"textdescription":	"Allow bridges to publish connection state messages.",
			"acls":	[{
					"acltype":	"publishClientSend",
					"topic":	"$SYS/broker/connection/%c/state",
					"priority":	0,
					"allow":	true
				}]
		}, {
			"rolename":	"sys-observe",
			"textdescription":	"Observe the $SYS topic hierarchy.",
			"acls":	[{
					"acltype":	"publishClientReceive",
					"topic":	"$SYS/#",
					"priority":	0,
					"allow":	true
				}, {
					"acltype":	"subscribePattern",
					"topic":	"$SYS/#",
					"priority":	0,
					"allow":	true
				}]
		}, {
			"rolename":	"topic-observe",
			"textdescription":	"Read only access to the full application topic hierarchy.",
			"acls":	[{
					"acltype":	"publishClientReceive",
					"topic":	"#",
					"priority":	0,
					"allow":	true
				}, {
					"acltype":	"subscribePattern",
					"topic":	"#",
					"priority":	0,
					"allow":	true
				}, {
					"acltype":	"unsubscribePattern",
					"topic":	"#",
					"priority":	0,
					"allow":	true
				}]
		}],
	"anonymousGroup":	"unauthenticated"
}