{
	"defaultACLAccess":	{
		"publishClientSend":	false,
		"publishClientReceive":	true,
		"subscribe":	false,
		"unsubscribe":	true
	},
	"clients":	[{
			"username":	"admin",
			"textname":	"Admin user",
			"password":	"mE9ZeYJbUAeU5RswWUioTWheNkPX92npw49jGLL0Ai+W+KxMLp8bgn65Z4AFo3um4D/FIs28Rl1KzQWRSdoK7A==",
			"salt":	"lanEoE9Epka/gd+rKtTmn5Jg01mFtrE9EjbeYW5ZtQbDyXTnEoObMQqcaVB1bLZiDO/6Ua72TF2Y1mSFNBMwLw==",
			"iterations":	10000,
			"roles":	[{
					"rolename":	"super-admin"
				}, {
					"rolename":	"sys-observe"
				}, {
					"rolename":	"topic-observe"
				}]
		}, {
			"username":	"democlient",
			"textname":	"Demonstration client with full read/write access to the '#' topic hierarchy.",
			"password":	"EdUqPwHBXFgUvPERjXjwWfuYWqcYsfIMSXrYzfl/LrV9BmBnN+sAO1J4Na9XY+R05MbYj9SWvA0SiJqWqWr29g==",
			"salt":	"LfQ1elNUFUtMCycavOjqjgb3WkinqUgfnehs/ix4uZ/qlHVmDp424v5k9TNN3n+WvlGK9OauNidftUkWMN4ztw==",
			"iterations":	10000,
			"roles":	[{
					"rolename":	"client"
				}]
		}],
	"groups":	[{
			"groupname":	"unauthenticated",
			"textname":	"Unauthenticated group",
			"textdescription":	"If unauthenticated access is allowed, this group can be used to define roles for clients that connect without a password.",
			"roles":	[]
		}],
	"roles":	[{
			"rolename":	"client",
			"textdescription":	"Read/write access to the full application topic hierarchy.",
			"acls":	[{
					"acltype":	"publishClientSend",
					"topic":	"#",
					"priority":	0,
					"allow":	true
				}, {
					"acltype":	"publishClientReceive",
					"topic":	"#",
					"priority":	0,
					"allow":	true
				}, {
					"acltype":	"subscribePattern",
					"topic":	"#",
					"priority":	0,
					"allow":	true
				}, {
					"acltype":	"unsubscribePattern",
					"topic":	"#",
					"priority":	0,
					"allow":	true
				}]
		}, {
			"rolename":	"broker-admin",
			"textdescription":	"Grants access to administer general broker configuration.",
			"acls":	[{
					"acltype":	"publishClientSend",
					"topic":	"$CONTROL/broker/#",
					"priority":	0,
					"allow":	true
				}, {
					"acltype":	"publishClientReceive",
					"topic":	"$CONTROL/broker/#",
					"priority":	0,
					"allow":	true
				}, {
					"acltype":	"subscribePattern",
					"topic":	"$CONTROL/broker/#",
					"priority":	0,
					"allow":	true
				}, {
					"acltype":	"unsubscribePattern",
					"topic":	"$CONTROL/broker/#",
					"priority":	0,
					"allow":	true
				}]
		}, {
			"rolename":	"dynsec-admin",
			"textdescription":	"Grants access to administer clients/groups/roles.",
			"acls":	[{
					"acltype":	"publishClientSend",
					"topic":	"$CONTROL/dynamic-security/#",
					"priority":	0,
					"allow":	true
				}, {
					"acltype":	"publishClientReceive",
					"topic":	"$CONTROL/dynamic-security/#",
					"priority":	0,
					"allow":	true
				}, {
					"acltype":	"subscribePattern",
					"topic":	"$CONTROL/dynamic-security/#",
					"priority":	0,
					"allow":	true
				}, {
					"acltype":	"unsubscribePattern",
					"topic":	"$CONTROL/dynamic-security/#",
					"priority":	0,
					"allow":	true
				}]
		}, {
			"rolename":	"super-admin",
			"textdescription":	"Grants access to administer all kind of broker controls",
			"acls":	[{
					"acltype":	"publishClientSend",
					"topic":	"$CONTROL/#",
					"priority":	0,
					"allow":	true
				}, {
					"acltype":	"publishClientReceive",
					"topic":	"$CONTROL/#",
					"priority":	0,
					"allow":	true
				}, {
					"acltype":	"subscribePattern",
					"topic":	"$CONTROL/#",
					"priority":	0,
					"allow":	true
				}, {
					"acltype":	"unsubscribePattern",
					"topic":	"$CONTROL/#",
					"priority":	0,
					"allow":	true
				}]
		}, {
			"rolename":	"sys-notify",
			"textdescription":	"Allow bridges to publish connection state messages.",
			"acls":	[{
					"acltype":	"publishClientSend",
					"topic":	"$SYS/broker/connection/%c/state",
					"priority":	0,
					"allow":	true
				}]
		}, {
			"rolename":	"sys-observe",
			"textdescription":	"Observe the $SYS topic hierarchy.",
			"acls":	[{
					"acltype":	"publishClientReceive",
					"topic":	"$SYS/#",
					"priority":	0,
					"allow":	true
				}, {
					"acltype":	"subscribePattern",
					"topic":	"$SYS/#",
					"priority":	0,
					"allow":	true
				}]
		}, {
			"rolename":	"topic-observe",
			"textdescription":	"Read only access to the full application topic hierarchy.",
			"acls":	[{
					"acltype":	"publishClientReceive",
					"topic":	"#",
					"priority":	0,
					"allow":	true
				}, {
					"acltype":	"subscribePattern",
					"topic":	"#",
					"priority":	0,
					"allow":	true
				}, {
					"acltype":	"unsubscribePattern",
					"topic":	"#",
					"priority":	0,
					"allow":	true
				}]
		}],
	"anonymousGroup":	"unauthenticated"
}