{
	"defaultACLAccess":	{
		"publishClientSend":	false,
		"publishClientReceive":	true,
		"subscribe":	false,
		"unsubscribe":	true
	},
	"clients":	[{
			"username":	"admin",
			"textname":	"Admin user",
			"password":	"k0WC6jkXgm15cNixKnnRIuL3clZT+TJ2lqOiwtBO7JXwpFBE0t+wH61xVyI4MAAFLqf+FPxQWePLhQCHG8abBQ==",
			"salt":	"u3zL2RJjoVytqnG8BHeor8AHp1lUXTme2yC5f5Uj+vk5XK9KTSkeTTe9RB/bQQBWDVxgFxN2vud946tCffnsig==",
			"iterations":	10000,
			"roles":	[{
					"rolename":	"super-admin"
				}, {
					"rolename":	"sys-observe"
				}, {
					"rolename":	"topic-observe"
				}]
		}, {
			"username":	"democlient",
			"textname":	"Demonstration client with full read/write access to the '#' topic hierarchy.",
			"password":	"87n3BtJGALLpXgpm4dZTXnnZ3kRNCfG4X4cBecIA1jF1IUlRmyGzCJAkFL/yQYpo5TWaVgcR9COsBlIS8om3Iw==",
			"salt":	"BsUPD7EksY899k6OwLzvL0mUdqi7My+ZzPLPVOXJzCqoDbudsm1tgTKMRmcTyKLcxU36xDZgVEKIf3GDqTqnSQ==",
			"iterations":	10000,
			"roles":	[{
					"rolename":	"client"
				}]
		}],
	"groups":	[{
			"groupname":	"unauthenticated",
			"textname":	"Unauthenticated group",
			"textdescription":	"If unauthenticated access is allowed, this group can be used to define roles for clients that connect without a password.",
			"roles":	[]
		}],
	"roles":	[{
			"rolename":	"client",
			"textdescription":	"Read/write access to the full application topic hierarchy.",
			"acls":	[{
					"acltype":	"publishClientSend",
					"topic":	"#",
					"priority":	0,
					"allow":	true
				}, {
					"acltype":	"publishClientReceive",
					"topic":	"#",
					"priority":	0,
					"allow":	true
				}, {
					"acltype":	"subscribePattern",
					"topic":	"#",
					"priority":	0,
					"allow":	true
				}, {
					"acltype":	"unsubscribePattern",
					"topic":	"#",
					"priority":	0,
					"allow":	true
				}]
		}, {
			"rolename":	"broker-admin",
			"textdescription":	"Grants access to administer general broker configuration.",
			"acls":	[{
					"acltype":	"publishClientSend",
					"topic":	"$CONTROL/broker/#",
					"priority":	0,
					"allow":	true
				}, {
					"acltype":	"publishClientReceive",
					"topic":	"$CONTROL/broker/#",
					"priority":	0,
					"allow":	true
				}, {
					"acltype":	"subscribePattern",
					"topic":	"$CONTROL/broker/#",
					"priority":	0,
					"allow":	true
				}, {
					"acltype":	"unsubscribePattern",
					"topic":	"$CONTROL/broker/#",
					"priority":	0,
					"allow":	true
				}]
		}, {
			"rolename":	"dynsec-admin",
			"textdescription":	"Grants access to administer clients/groups/roles.",
			"acls":	[{
					"acltype":	"publishClientSend",
					"topic":	"$CONTROL/dynamic-security/#",
					"priority":	0,
					"allow":	true
				}, {
					"acltype":	"publishClientReceive",
					"topic":	"$CONTROL/dynamic-security/#",
					"priority":	0,
					"allow":	true
				}, {
					"acltype":	"subscribePattern",
					"topic":	"$CONTROL/dynamic-security/#",
					"priority":	0,
					"allow":	true
				}, {
					"acltype":	"unsubscribePattern",
					"topic":	"$CONTROL/dynamic-security/#",
					"priority":	0,
					"allow":	true
				}]
		}, {
			"rolename":	"super-admin",
			"textdescription":	"Grants access to administer all kind of broker controls",
			"acls":	[{
					"acltype":	"publishClientSend",
					"topic":	"$CONTROL/#",
					"priority":	0,
					"allow":	true
				}, {
					"acltype":	"publishClientReceive",
					"topic":	"$CONTROL/#",
					"priority":	0,
					"allow":	true
				}, {
					"acltype":	"subscribePattern",
					"topic":	"$CONTROL/#",
					"priority":	0,
					"allow":	true
				}, {
					"acltype":	"unsubscribePattern",
					"topic":	"$CONTROL/#",
					"priority":	0,
					"allow":	true
				}]
		}, {
			"rolename":	"sys-notify",
			"textdescription":	"Allow bridges to publish connection state messages.",
			"acls":	[{
					"acltype":	"publishClientSend",
					"topic":	"$SYS/broker/connection/%c/state",
					"priority":	0,
					"allow":	true
				}]
		}, {
			"rolename":	"sys-observe",
			"textdescription":	"Observe the $SYS topic hierarchy.",
			"acls":	[{
					"acltype":	"publishClientReceive",
					"topic":	"$SYS/#",
					"priority":	0,
					"allow":	true
				}, {
					"acltype":	"subscribePattern",
					"topic":	"$SYS/#",
					"priority":	0,
					"allow":	true
				}]
		}, {
			"rolename":	"topic-observe",
			"textdescription":	"Read only access to the full application topic hierarchy.",
			"acls":	[{
					"acltype":	"publishClientReceive",
					"topic":	"#",
					"priority":	0,
					"allow":	true
				}, {
					"acltype":	"subscribePattern",
					"topic":	"#",
					"priority":	0,
					"allow":	true
				}, {
					"acltype":	"unsubscribePattern",
					"topic":	"#",
					"priority":	0,
					"allow":	true
				}]
		}],
	"anonymousGroup":	"unauthenticated"
}